time,paid_in,strategy,bitcoin
2020-12-06,1000.0,978.0,1000.0
2020-12-13,1000.0,939.0,990.0
2020-12-20,1000.0,1009.0,1211.0
2020-12-27,1000.0,1187.0,1357.0
2021-01-03,1100.0,1478.0,1817.0
2021-01-10,1100.0,1571.0,2100.0
2021-01-17,1100.0,1797.0,1973.0
2021-01-24,1100.0,2057.0,1776.0
2021-01-31,1100.0,2444.0,1822.0
2021-02-07,1200.0,3751.0,2251.0
2021-02-14,1200.0,3541.0,2819.0
2021-02-21,1200.0,4115.0,3332.0
2021-02-28,1200.0,3628.0,2619.0
2021-03-07,1300.0,4115.0,3061.0
2021-03-14,1300.0,5227.0,3541.0
2021-03-21,1300.0,6195.0,3444.0
2021-03-28,1300.0,7024.0,3349.0
2021-04-04,1400.0,11109.0,3594.0
2021-04-11,1400.0,11137.0,3705.0
2021-04-18,1400.0,15968.0,3467.0
2021-04-25,1400.0,13260.0,3030.0
2021-05-02,1500.0,16732.0,3591.0
2021-05-09,1500.0,22188.0,3697.0
2021-05-16,1500.0,22263.0,2947.0
2021-05-23,1500.0,15700.0,2200.0
2021-05-30,1500.0,15700.0,2262.0
2021-06-06,1600.0,15800.0,2370.0
2021-06-13,1600.0,15800.0,2583.0
2021-06-20,1600.0,15800.0,2357.0
2021-06-27,1600.0,15800.0,2297.0
2021-07-04,1700.0,15900.0,2441.0
2021-07-11,1700.0,15900.0,2370.0
2021-07-18,1700.0,15900.0,2198.0
2021-07-25,1700.0,15900.0,2447.0
2021-08-01,1800.0,16000.0,2856.0
2021-08-08,1800.0,16000.0,3139.0
2021-08-15,1800.0,16000.0,3367.0
2021-08-22,1800.0,16000.0,3529.0
2021-08-29,1800.0,16000.0,3496.0
2021-09-05,1900.0,16100.0,3816.0
2021-09-12,1900.0,16100.0,3393.0
2021-09-19,1900.0,16100.0,3483.0
2021-09-26,1900.0,16100.0,3182.0
2021-10-03,2000.0,16200.0,3654.0
2021-10-10,2000.0,16200.0,4143.0
2021-10-17,2000.0,16200.0,4664.0
2021-10-24,2000.0,16200.0,4613.0
2021-10-31,2000.0,16200.0,4646.0
2021-11-07,2100.0,16300.0,4900.0
2021-11-14,2100.0,16300.0,5074.0
2021-11-21,2100.0,16300.0,4540.0
2021-11-28,2100.0,16300.0,4435.0
2021-12-05,2200.0,16400.0,3911.0
2021-12-12,2200.0,16400.0,3964.0
2021-12-19,2200.0,16400.0,3696.0
2021-12-26,2200.0,16400.0,4021.0
2022-01-02,2300.0,16500.0,3843.0
2022-01-09,2300.0,16500.0,3403.0
2022-01-16,2300.0,16500.0,3501.0
2022-01-23,2300.0,16500.0,2946.0
2022-01-30,2300.0,16500.0,3079.0
2022-02-06,2400.0,16600.0,3554.0
2022-02-13,2400.0,16600.0,3527.0
2022-02-20,2400.0,16600.0,3219.0
2022-02-27,2400.0,16600.0,3161.0
2022-03-06,2500.0,16700.0,3308.0
2022-03-13,2500.0,16700.0,3253.0
2022-03-20,2500.0,16700.0,3553.0
2022-03-27,2500.0,16700.0,4032.0
2022-04-03,2600.0,16800.0,4096.0
2022-04-10,2600.0,16800.0,3721.0
2022-04-17,2600.0,16800.0,3502.0
2022-04-24,2600.0,16800.0,3482.0
2022-05-01,2700.0,16900.0,3495.0
2022-05-08,2700.0,16900.0,3093.0
2022-05-15,2700.0,16900.0,2846.0
2022-05-22,2700.0,16900.0,2752.0
2022-05-29,2700.0,16900.0,2677.0
2022-06-05,2800.0,17000.0,2819.0
2022-06-12,2800.0,17000.0,2504.0
2022-06-19,2800.0,17000.0,1938.0
2022-06-26,2800.0,17000.0,1982.0
2022-07-03,2900.0,17100.0,1920.0
2022-07-10,2900.0,17100.0,2073.0
2022-07-17,2900.0,17100.0,2067.0
2022-07-24,2900.0,17100.0,2244.0
2022-07-31,2900.0,17100.0,2315.0
2022-08-07,3000.0,17200.0,2403.0
2022-08-14,3000.0,17200.0,2520.0
2022-08-21,3000.0,17200.0,2231.0
2022-08-28,3000.0,17200.0,2027.0
2022-09-04,3100.0,17300.0,2173.0
2022-09-11,3100.0,17300.0,2371.0
2022-09-18,3100.0,17300.0,2109.0
2022-09-25,3100.0,17300.0,2043.0
2022-10-02,3200.0,17400.0,2169.0
2022-10-09,3200.0,17400.0,2212.0
2022-10-16,3200.0,17400.0,2192.0
2022-10-23,3200.0,17400.0,2227.0
2022-10-30,3200.0,17400.0,2348.0
2022-11-06,3300.0,17500.0,2481.0
2022-11-13,3300.0,17500.0,1938.0
2022-11-20,3300.0,17500.0,1932.0
2022-11-27,3300.0,17500.0,1950.0
2022-12-04,3400.0,17600.0,2131.0
2022-12-11,3400.0,17600.0,2128.0
2022-12-18,3400.0,17600.0,2085.0
2022-12-25,3400.0,17600.0,2097.0
2023-01-01,3500.0,17700.0,2170.0
2023-01-08,3500.0,17700.0,2236.0
2023-01-15,3500.0,17700.0,2725.0
2023-01-22,3500.0,17700.0,2965.0
2023-01-29,3500.0,17700.0,3100.0
2023-02-05,3600.0,17800.0,3091.0
2023-02-12,3600.0,17800.0,2936.0
2023-02-19,3600.0,17800.0,3271.0
2023-02-26,3600.0,17800.0,3175.0
2023-03-05,3700.0,17900.0,3118.0
2023-03-12,3700.0,17900.0,3058.0
2023-03-19,3700.0,17900.0,3888.0
2023-03-26,3700.0,17900.0,3888.0
2023-04-02,3800.0,18000.0,4015.0
2023-04-09,3800.0,18000.0,4036.0
2023-04-16,3800.0,18000.0,4319.0
2023-04-23,3800.0,18000.0,3932.0
2023-04-30,3800.0,18000.0,4166.0
2023-05-07,3900.0,18100.0,4153.0
2023-05-14,3900.0,18100.0,3932.0
2023-05-21,3900.0,18100.0,3907.0
2023-05-28,3900.0,18100.0,4099.0
2023-06-04,4000.0,18200.0,4062.0
2023-06-11,4000.0,18200.0,3883.0
2023-06-18,4000.0,18200.0,3946.0
2023-06-25,4000.0,18200.0,4563.0
2023-07-02,4100.0,18300.0,4686.0
2023-07-09,4100.0,18300.0,4616.0
2023-07-16,4100.0,18300.0,4627.0
2023-07-23,4100.0,18300.0,4604.0
2023-07-30,4100.0,18300.0,4482.0
2023-08-06,4200.0,18400.0,4550.0
2023-08-13,4200.0,18400.0,4584.0
2023-08-20,4200.0,18400.0,4097.0
2023-08-27,4200.0,18400.0,4083.0
2023-09-03,4300.0,18500.0,4163.0
2023-09-10,4300.0,18500.0,4142.0
2023-09-17,4300.0,18500.0,4252.0
2023-09-24,4300.0,18500.0,4207.0
2023-10-01,4400.0,18600.0,4587.0
2023-10-08,4400.0,18600.0,4574.0
2023-10-15,4400.0,18600.0,4449.0
2023-10-22,4400.0,18600.0,4914.0
2023-10-29,4400.0,18600.0,5657.0
2023-11-05,4500.0,18700.0,5835.0
2023-11-12,4500.0,18700.0,6178.0
2023-11-19,4500.0,18700.0,6227.0
2023-11-26,4500.0,18700.0,6241.0
2023-12-03,4600.0,18800.0,6765.0
2023-12-10,4600.0,18800.0,7411.0
2023-12-17,4600.0,18800.0,7003.0
2023-12-24,4600.0,18800.0,7276.0
2023-12-31,4600.0,18800.0,7157.0
2024-01-07,4700.0,18900.0,7534.0
2024-01-14,4700.0,18900.0,7158.0
2024-01-21,4700.0,18900.0,7132.0
2024-01-28,4700.0,18900.0,7209.0
2024-02-04,4800.0,19000.0,7402.0
2024-02-11,4800.0,19000.0,8396.0
2024-02-18,4800.0,19000.0,9063.0
2024-02-25,4800.0,19000.0,8992.0
2024-03-03,4900.0,19100.0,11072.0
2024-03-10,4900.0,19100.0,12097.0
2024-03-17,4900.0,19100.0,11998.0
2024-03-24,4900.0,19100.0,11791.0
2024-03-31,4900.0,19100.0,12505.0
2024-04-07,5000.0,19200.0,12267.0
2024-04-14,5000.0,19200.0,11613.0
2024-04-21,5000.0,19200.0,11486.0
2024-04-28,5000.0,19200.0,11163.0
2024-05-05,5100.0,19300.0,11431.0
2024-05-12,5100.0,19300.0,10980.0
2024-05-19,5100.0,19300.0,11835.0
2024-05-26,5100.0,19300.0,12234.0
2024-06-02,5200.0,19400.0,12201.0
2024-06-09,5200.0,19400.0,12540.0
2024-06-16,5200.0,19400.0,12005.0
2024-06-23,5200.0,19400.0,11381.0
2024-06-30,5200.0,19400.0,11302.0
2024-07-07,5300.0,19500.0,10146.0
2024-07-14,5300.0,19500.0,11043.0
2024-07-21,5300.0,19500.0,12381.0
2024-07-28,5300.0,19500.0,12397.0
2024-08-04,5400.0,19600.0,10653.0
2024-08-11,5400.0,19600.0,10754.0
2024-08-18,5400.0,19600.0,10702.0
2024-08-25,5400.0,19600.0,11763.0
2024-09-01,5500.0,19700.0,10596.0
2024-09-08,5500.0,19700.0,10146.0
2024-09-15,5500.0,19700.0,10934.0
2024-09-22,5500.0,19700.0,11756.0
2024-09-29,5500.0,19700.0,12130.0
2024-10-06,5600.0,19800.0,11719.0
2024-10-13,5600.0,19800.0,11728.0
2024-10-20,5600.0,19800.0,12878.0
2024-10-27,5600.0,19800.0,12689.0
2024-11-03,5700.0,19900.0,12929.0
2024-11-10,5700.0,19900.0,15108.0
2024-11-17,5700.0,19900.0,16892.0
2024-11-24,5700.0,19900.0,18404.0
2024-12-01,5800.0,20000.0,18369.0
2024-12-08,5800.0,20000.0,19111.0
2024-12-15,5800.0,20000.0,19745.0
2024-12-22,5800.0,20000.0,17991.0
2024-12-29,5800.0,20000.0,17718.0
2025-01-05,5900.0,20100.0,18696.0
2025-01-12,5900.0,20100.0,17970.0
2025-01-19,5900.0,20100.0,19260.0
2025-01-26,5900.0,20100.0,19505.0
2025-02-02,6000.0,20200.0,18667.0
2025-02-09,6000.0,20200.0,18430.0
2025-02-16,6000.0,20200.0,18364.0
2025-02-23,6000.0,20200.0,18391.0
2025-03-02,6100.0,20300.0,18121.0
2025-03-09,6100.0,20300.0,15519.0
2025-03-16,6100.0,20300.0,15872.0
2025-03-23,6100.0,20300.0,16547.0
2025-03-30,6100.0,20300.0,15837.0
2025-04-06,6200.0,20400.0,15168.0
2025-04-13,6200.0,20400.0,16199.0
2025-04-20,6200.0,20400.0,16473.0
2025-04-27,6200.0,20400.0,18130.0
2025-05-04,6300.0,20500.0,18330.0
2025-05-11,6300.0,20500.0,20243.0
2025-05-18,6300.0,20500.0,20698.0
2025-05-25,6300.0,20500.0,21193.0
2025-06-01,6400.0,20600.0,20640.0
2025-06-08,6400.0,20600.0,20658.0
2025-06-15,6400.0,20600.0,20630.0
2025-06-22,6400.0,20600.0,19726.0
2025-06-29,6400.0,20600.0,21170.0
2025-07-06,6500.0,20700.0,21439.0
2025-07-13,6500.0,20700.0,23379.0
2025-07-20,6500.0,20700.0,23021.0
2025-07-27,6500.0,20700.0,23443.0
2025-08-03,6600.0,20800.0,22522.0
2025-08-10,6600.0,20800.0,23525.0
2025-08-17,6600.0,20800.0,23152.0
2025-08-24,6600.0,20800.0,22381.0
2025-08-31,6600.0,20800.0,21346.0
2025-09-07,6700.0,20900.0,22018.0
2025-09-14,6700.0,20900.0,22836.0
2025-09-21,6700.0,20900.0,22829.0
2025-09-28,6700.0,20900.0,22221.0
2025-10-05,6800.0,21000.0,24567.0
2025-10-12,6800.0,21000.0,22872.0
2025-10-19,6800.0,21000.0,21615.0
2025-10-26,6800.0,21000.0,22792.0
2025-11-02,6900.0,21100.0,22093.0
2025-11-09,6900.0,21100.0,20930.0
2025-11-16,6900.0,21100.0,18839.0
2025-11-23,6900.0,21100.0,17354.0
2025-11-30,6900.0,21100.0,18059.0
2025-12-07,7000.0,21200.0,18171.0
2025-12-14,7000.0,21200.0,17724.0
2025-12-21,7000.0,21200.0,17822.0
2025-12-28,7000.0,21200.0,17680.0
2026-01-04,7100.0,21300.0,18502.0
2026-01-11,7100.0,21300.0,18398.0
2026-01-18,7100.0,21300.0,18935.0
2026-01-25,7100.0,21300.0,17520.0
2026-02-01,7200.0,21400.0,15659.0
2026-02-08,7200.0,21400.0,14308.0
2026-02-15,7200.0,21400.0,14003.0
2026-02-22,7200.0,21400.0,13761.0
2026-03-01,7300.0,21500.0,13482.0
2026-03-08,7300.0,21500.0,13521.0
2026-03-15,7300.0,21500.0,14924.0
2026-03-22,7300.0,21500.0,13908.0
2026-03-29,7300.0,21500.0,13529.0
2026-04-05,7400.0,21600.0,14250.0
2026-04-12,7400.0,21600.0,14603.0
2026-04-19,7400.0,21600.0,15234.0
2026-04-26,7400.0,21600.0,16237.0
2026-05-03,7500.0,21700.0,16319.0
2026-05-10,7500.0,21700.0,17075.0
2026-05-17,7500.0,21700.0,16088.0
2026-05-24,7500.0,21700.0,16006.0
2026-05-31,7500.0,21700.0,15302.0
2026-06-07,7600.0,21800.0,13243.0
2026-06-14,7600.0,21800.0,13747.0
2026-06-21,7600.0,21800.0,13238.0
2026-06-28,7600.0,21800.0,12457.0
2026-07-05,7700.0,21900.0,13415.0
2026-07-12,7700.0,21900.0,13442.0
2026-07-19,7700.0,21900.0,13641.0
2026-07-26,7700.0,21900.0,13784.0
2026-08-02,7800.0,22000.0,13499.0
2026-08-09,7800.0,22000.0,13782.0
2026-08-16,7800.0,22000.0,13357.0
2026-08-23,7800.0,22000.0,16507.0
2026-08-30,7800.0,22000.0,16531.0
